"first_name","last_name","status","id","vendorid","userdate","creationjobid","modifiedjobid","version","encodedtags","userid","description"
"Ken","Glass","5","1416","67","2019-11-26","4954","73","3221","265367","190","wear"
"Andres","Reed","10","6859","78","2019-01-09","8022","756","3644","286654","53","melbourne"
"Vella","Glover","10","2219","61","2020-11-07","6890","172","2636","284190","76","programs"
"Fritz","O'neal","1","5748","90","2020-10-21","8271","727","1031","470828","9","tracked"
"Candra","White","6","9312","33","2020-05-03","4711","108","120","101741","68","instructor"
"Scott","Curtis","2","4955","59","2019-09-03","5100","330","1975","374151","149","auction"
"Yun","Wynn","3","6680","19","2020-07-22","3093","71","672","420283","153","vice"
"Julio","Noel","3","9017","85","2020-08-26","5364","339","1322","179989","68","enterprises"
"Micah","Hartman","11","71","41","2020-05-28","8208","630","1876","234180","194","cnet"
"Sha","Stein","6","306","46","2019-01-16","5800","944","999","341811","62","addressed"
"Toi","Wilson","5","6363","76","2019-11-20","6703","578","114","210645","169","purchasing"
"Nancey","Brown","11","9560","63","2020-10-21","529","936","600","23348","177","contrast"
"Tanja","Blackwell","15","9533","77","2019-07-05","3259","216","2824","434940","153","answers"
"Viki","Cooke","2","1389","36","2020-06-29","4349","873","460","323231","53","efforts"
"Junior","Holt","11","7719","84","2020-09-11","9881","229","308","257038","114","venue"
"Tarra","Shelton","15","5724","76","2019-10-02","2423","476","1164","356093","50","indeed"
"Britni","Hatfield","9","9350","67","2019-01-19","5839","896","2400","201390","104","properly"
"Lesha","Rose","4","1081","72","2020-10-16","5383","213","937","321000","11","mice"
"Soo","Duran","2","5330","78","2020-08-04","4492","782","2963","424211","2","depending"
"Hwa","Carr","2","9845","68","2020-12-05","6747","847","1667","114281","103","insurance"
"Lenny","Glenn","8","9430","6","2020-05-05","3223","265","2597","469502","64","mens"
"Maia","James","1","8839","46","2020-01-04","6891","195","1237","331081","26","column"
"Jackson","Mcgee","15","1257","52","2019-09-21","3965","995","3754","178812","162","something"
"Sandy","Hanson","10","9642","63","2019-09-10","2168","75","806","191210","152","config"
"Drucilla","Norton","15","3047","49","2020-06-08","4712","342","181","187902","40","chart"
"Annabell","Romero","10","469","8","2020-03-10","4846","261","1888","140628","115","paperback"
"Fatimah","Mcpherson","8","183","69","2019-09-03","2618","448","316","469470","85","pr"
"Rima","Garrett","2","4061","10","2020-03-06","5748","482","2081","144800","63","found"
"Billye","Gillespie","10","2046","32","2019-10-26","7385","201","797","18701","92","delay"
"Ignacia","Fitzpatrick","8","7087","31","2019-09-06","6403","99","2620","190232","74","angle"
"Courtney","Clark","1","4871","41","2020-06-08","5701","861","1059","271241","27","rd"
"Alexis","Pearson","9","8945","57","2020-05-28","47","774","2701","482740","134","cities"
"Guy","Frazier","9","9333","70","2019-01-15","7154","480","1814","291285","165","booking"
"Son","Hooper","3","4068","92","2019-05-06","6819","897","771","283089","45","memory"
"Damion","Alvarado","15","6776","59","2019-11-02","4446","668","864","120465","182","possibility"
"Kristofer","Odom","9","8365","56","2019-02-22","9488","473","3932","208244","89","numerous"
"Ronald","Weiss","3","6721","52","2020-12-17","1447","55","3075","324932","135","luck"
"Alethia","Russell","6","8075","39","2019-05-28","7782","806","608","260986","161","owner"
"Ambrose","Kline","15","3614","7","2019-04-24","1088","687","1655","465489","152","rf"
"Solange","Delacruz","5","269","79","2019-05-14","3276","269","974","368273","152","tm"
"Rebecka","Valentine","2","967","22","2020-02-22","9829","575","1432","118414","44","packaging"
"Maricruz","Stone","10","2532","75","2019-07-12","3944","822","2553","73059","72","catalog"
"Williemae","Wilcox","9","227","63","2020-11-14","5679","723","1629","345560","96","sharp"
"Norberto","Massey","12","5619","85","2019-10-17","1295","111","3036","352300","41","stephen"
"Latarsha","Burris","5","8119","29","2019-04-06","7213","752","292","289837","162","experts"
"Bruna","Davenport","1","3467","35","2020-06-07","8556","316","423","119067","145","flow"
"Terrell","Williams","15","2189","98","2019-06-04","640","448","2130","178823","130","facing"
"Arnette","Hale","5","2238","73","2019-11-17","349","152","2331","284018","161","literature"
"Armando","Long","1","4748","77","2019-12-04","8480","191","2901","243135","189","for"
"Royal","Moody","8","472","89","2019-10-30","9134","837","3525","22544","45","solve"
